keyword,date,count
01,2025-11-01,1
02,2025-11-02,2
10,2025-10-31,1
11,2025-11-01,1
11,2025-11-02,2
171228,2025-10-10,1
1호,2025-10-31,1
2025,2025-10-23,1
2025,2025-10-31,1
2025,2025-11-01,2
2025,2025-11-02,2
278,2025-10-31,1
281,2025-11-01,1
282,2025-11-02,1
283,2025-11-02,1
2부,2025-10-16,1
31,2025-10-31,1
33년,2025-10-10,1
ADVENTURER,2025-11-06,1
ADVENTURER,2025-11-07,1
ALL,2025-11-06,7
ALL,2025-11-07,1
ALUNA,2025-11-01,1
AMANDA,2025-10-28,1
AMANDA,2025-11-01,1
AMANDA,2025-11-03,1
AMANDA,2025-11-06,2
AMANDA,2025-11-07,2
APEC,2025-10-31,1
Adventurer,2025-10-22,1
Adventurer,2025-10-23,1
Adventurer,2025-10-24,1
Adventurer,2025-10-28,1
Adventurer,2025-10-31,1
Adventurer,2025-11-06,8
Adventurer,2025-11-07,1
Adventurer,2025-11-08,3
After,2025-11-08,1
All,2025-11-08,1
Amanda,2025-10-13,1
Amanda,2025-10-22,2
Amanda,2025-10-23,1
Amanda,2025-10-24,2
Amanda,2025-10-28,2
Amanda,2025-10-29,2
Amanda,2025-10-31,2
Amanda,2025-11-01,2
Amanda,2025-11-02,2
Amanda,2025-11-06,9
Amanda,2025-11-07,2
Amanda,2025-11-08,4
AmandaBynes,2025-11-07,1
Anisimova,2025-11-01,1
Answers,2025-11-06,1
Arya,2025-10-28,1
Auranya,2025-10-29,1
Austin,2025-10-13,1
BACK,2025-11-07,1
Bad,2025-11-06,2
Bersama,2025-10-13,1
Bynes,2025-11-07,1
Calling,2025-10-29,1
Cerita,2025-10-13,1
Commentary,2025-11-06,2
Concludes,2025-10-24,1
Crazy,2025-11-07,1
DAN,2025-11-01,1
DI,2025-11-03,1
DIGIGIT,2025-11-03,1
DISANGKA,2025-10-13,1
Dan,2025-10-29,1
Date,2025-10-23,1
Dressing,2025-10-22,1
END,2025-10-28,1
END,2025-11-08,1
ENDING,2025-11-06,1
ENDING,2025-11-08,1
ENDINGS,2025-11-06,1
EXPLAINED,2025-11-08,1
Easter,2025-11-07,1
Eggs,2025-11-07,1
Elena,2025-11-01,1
Ending,2025-11-06,1
Ending,2025-11-08,1
Endings,2025-11-06,3
Episode,2025-10-31,1
Episode,2025-11-01,1
Episode,2025-11-02,2
FULL,2025-10-28,1
FULL,2025-11-06,1
Files,2025-11-07,1
Finally,2025-10-31,1
Finals,2025-11-01,1
Followed,2025-11-08,1
Full,2025-11-06,3
GAME,2025-10-28,1
GAME,2025-11-06,2
GARA,2025-11-03,2
GET,2025-11-07,1
GOOD,2025-11-08,1
GTA,2025-11-08,1
Game,2025-11-06,2
Glowing,2025-10-29,1
HIDDEN,2025-11-07,1
Have,2025-11-08,1
Here,2025-10-31,1
Highlights,2025-11-01,1
Horror,2025-10-23,1
IS,2025-11-07,1
IS,2025-11-08,1
Indie,2025-10-23,1
Is,2025-10-31,1
Is,2025-11-08,1
It,2025-11-08,1
JAHAT,2025-11-03,1
KBS,2025-10-10,1
Kali,2025-10-13,1
Kenny,2025-10-13,1
Kills,2025-11-06,1
Lalu,2025-10-13,1
Launch,2025-11-06,1
Left,2025-11-08,1
Like,2025-11-08,1
Lore,2025-11-07,1
Loss,2025-11-07,1
MAIN,2025-11-01,1
MAIN,2025-11-03,1
Makin,2025-10-29,1
Manopo,2025-10-13,1
Manopo,2025-10-29,1
Masa,2025-10-13,1
Match,2025-11-01,1
Michael,2025-11-08,1
Monster,2025-11-06,2
Mountains,2025-10-29,1
Music,2025-10-22,1
Music,2025-10-29,1
NOW,2025-11-07,1
Netizen,2025-10-29,1
Nikah,2025-10-13,1
No,2025-11-06,2
OF,2025-10-28,1
OUT,2025-11-08,1
Official,2025-10-22,1
Official,2025-10-23,1
Official,2025-10-29,1
PANDA,2025-11-03,1
PART,2025-10-28,1
PLAYGROUND,2025-11-01,1
Parent,2025-11-08,1
Pernah,2025-10-13,1
Playthrough,2025-10-24,1
RAKSASA,2025-11-01,1
Rebecca,2025-11-06,1
Release,2025-10-23,1
Released,2025-11-06,1
Remix,2025-10-22,1
Right,2025-11-06,1
Riyadh,2025-11-01,1
Room,2025-10-22,1
Rybakina,2025-11-01,1
SAD,2025-11-06,1
SAWAH,2025-11-03,1
SECRET,2025-11-06,1
SECRET,2025-11-07,1
SERRANO,2025-11-07,1
STORY,2025-11-08,1
Salfok,2025-10-29,1
Scene,2025-11-06,1
Sebelum,2025-10-13,1
Secret,2025-11-06,2
Secret,2025-11-08,1
Secrets,2025-11-06,1
Secrets,2025-11-07,1
Sempat,2025-10-13,1
She,2025-11-08,1
Showcase,2025-10-23,1
Showcase,2025-11-06,4
Showcase,2025-11-07,1
Sinhala,2025-10-31,1
Sinhala,2025-11-01,1
Sinhala,2025-11-02,2
Sinister,2025-10-24,1
Spice,2025-10-22,1
Story,2025-10-24,1
TAK,2025-10-13,1
TANGAN,2025-11-03,1
TAPES,2025-11-07,1
THE,2025-10-28,1
THE,2025-11-06,1
THE,2025-11-07,1
THE,2025-11-08,1
THIS,2025-11-08,1
TICKETS,2025-11-07,1
TOLONG,2025-11-03,1
TRUE,2025-11-06,1
TRUE,2025-11-08,2
Tapes,2025-11-06,3
Tapes,2025-11-08,1
Teledrama,2025-10-31,1
Teledrama,2025-11-01,1
Teledrama,2025-11-02,2
Terbaru,2025-10-29,1
The,2025-10-22,1
The,2025-10-28,1
The,2025-10-29,1
The,2025-10-31,1
The,2025-11-06,1
To,2025-11-08,1
Trailer,2025-10-23,1
Trailer,2025-11-06,1
Trans,2025-11-08,1
TransParent,2025-11-08,1
True,2025-11-06,2
Update,2025-11-07,1
Video,2025-10-22,1
Video,2025-10-29,1
WOOLY,2025-10-28,1
WOOLY,2025-11-06,1
WTA,2025-11-01,2
Walkthrough,2025-11-06,3
Weight,2025-11-07,1
What,2025-11-08,1
Wrong,2025-11-06,1
XX들,2025-11-05,1
X님의,2025-10-16,1
X를,2025-10-21,1
YOUR,2025-11-07,1
Zuchu,2025-10-22,1
alviandmiracle,2025-11-01,1
amandamanopo,2025-10-28,1
and,2025-11-06,2
and,2025-11-08,1
are,2025-10-29,1
beritaterkini,2025-10-28,1
beritaviral,2025-10-28,1
but,2025-11-08,1
childinfluencer,2025-11-08,1
country,2025-10-29,1
dengan,2025-10-29,1
feat,2025-10-22,1
fyp,2025-10-28,1
goes,2025-11-07,1
gosipartis,2025-10-28,1
in,2025-11-06,2
in,2025-11-08,1
is,2025-11-08,2
it,2025-11-08,1
lagu,2025-10-28,1
lewat,2025-10-28,1
ozempic,2025-11-07,1
s1nd1r,2025-10-28,1
saloka,2025-10-28,1
shorts,2025-11-01,1
shorts,2025-11-07,1
shorts,2025-11-08,1
the,2025-10-23,1
the,2025-10-24,1
the,2025-11-06,7
the,2025-11-07,1
the,2025-11-08,3
viral,2025-10-28,1
vs,2025-11-01,1
yang,2025-10-29,1
가서,2025-10-16,1
가해자인가,2025-10-20,1
감찰지시로,2025-10-22,1
갓재명,2025-10-31,1
공개한다고,2025-10-20,1
관계,2025-11-05,1
관계냐,2025-11-06,1
관세,2025-10-30,1
구출,2025-10-20,2
그런데,2025-10-20,1
극적인,2025-10-30,1
기자,2025-10-15,1
기자,2025-10-16,1
기자,2025-10-21,1
김건희,2025-11-06,1
김병주,2025-10-20,1
김영선의,2025-10-24,1
꿇은,2025-10-21,1
나의,2025-10-10,1
내가,2025-10-15,1
내란당,2025-11-04,1
너희,2025-11-06,1
녹취록,2025-10-22,1
논란,2025-10-20,1
논란,2025-11-06,1
눈물나는,2025-11-04,1
단독,2025-11-06,2
대북송금,2025-11-05,1
대통령,2025-10-30,1
대통령,2025-11-04,1
대통령과,2025-11-05,1
대한민국,2025-10-31,1
도이치모터스,2025-11-06,1
러브레터,2025-10-24,1
레전드,2025-10-10,1
만들기,2025-10-24,1
모음,2025-11-08,1
못차린,2025-11-05,1
무릎,2025-10-21,1
무슨,2025-11-06,1
미국에서,2025-10-10,1
민주당,2025-11-06,1
바로,2025-10-15,1
받는,2025-10-28,1
방송,2025-10-10,1
보이콧,2025-11-04,1
봉지욱은,2025-10-20,1
부모를,2025-10-10,1
사랑,2025-10-24,1
살해,2025-10-28,1
상황,2025-10-28,1
성취를,2025-10-30,1
세로모드,2025-11-05,1
수원지검,2025-10-22,1
수준,2025-11-04,1
수호,2025-11-04,1
승인,2025-10-31,1
시장으로,2025-10-24,1
시정연설,2025-11-04,1
신도들의,2025-11-04,1
실종,2025-10-20,1
싶다,2025-10-10,1
쌍방울,2025-11-05,1
아만다,2025-11-07,2
아만다,2025-11-08,1
아무,2025-11-05,1
아직도,2025-11-05,1
어드벤처러,2025-11-07,1
어드벤처러,2025-11-08,1
얼굴을,2025-10-20,1
없어,2025-11-05,1
엔딩,2025-11-08,1
영업사원,2025-10-31,1
오세훈과,2025-10-24,1
외교력,2025-10-31,1
움직인다고,2025-10-28,1
위대한,2025-10-24,1
위한,2025-10-24,1
유동철,2025-11-06,1
이것,2025-10-15,1
이룬,2025-10-30,1
이명수,2025-10-20,1
이유는,2025-10-15,1
이재명,2025-10-30,1
이재명,2025-10-31,1
이재명,2025-11-04,1
이재명,2025-11-05,1
이제는,2025-10-10,1
이준수,2025-11-06,1
인간극장,2025-10-10,1
인터뷰,2025-11-06,1
잡으려고,2025-10-28,1
장인수,2025-10-15,1
장인수,2025-10-16,1
장인수,2025-10-21,1
잼며든,2025-10-30,1
점프스케어,2025-11-08,1
정상회담,2025-10-30,1
정성호,2025-10-22,1
정신,2025-11-05,1
제보자,2025-10-16,1
제보자,2025-10-20,2
제보자,2025-10-21,1
제보자X,2025-10-28,1
제보자X님의,2025-10-15,1
제보자를,2025-10-28,1
조직폭력배도,2025-10-28,1
주가조작,2025-11-06,1
죽이려고,2025-10-21,1
지켜라,2025-11-04,1
찾고,2025-10-10,1
천재,2025-10-31,1
최민희를,2025-11-04,1
최종장,2025-11-07,1
충격적인,2025-10-16,1
캄보디아,2025-10-20,1
컷오프,2025-11-06,1
타결,2025-10-30,1
털보,2025-11-04,1
트럼프,2025-10-30,1
특종에,2025-10-21,1
패밀리,2025-11-06,1
폭로,2025-10-15,1
폭로,2025-10-16,1
피해자인가,2025-10-20,1
하는가,2025-10-21,1
한국인,2025-10-10,1
한미,2025-10-30,1
해외로,2025-10-16,1
핵추진잠수함,2025-10-31,1
했어,2025-10-16,1
협박,2025-10-28,1
협상,2025-10-30,1
확보,2025-10-22,1
후보,2025-11-06,1
힘든,2025-10-15,1
